{"data":{"Year":[2000,2001,2002,2003,2004,2005,2006,2007,2008,2009,2010,2011,2012,2013,2014,2015,2016,2017],"Value":[0.0,0.0,0.0,0.0,0.0,0.0,0.0,0.0,0.0,0.0,4.108198642,4.220517055,4.366281292,4.522697153,4.667198,4.845478557,0.0,0.0]},"edges":[]}