{"Year":[2000,2001,2002,2003,2004,2005,2006,2007,2008,2009,2010,2011,2012,2013,2014,2015,2016,2017],"Value":[0.0,2.05732,0.0,1.94087,0.0,1.88559,0.0,1.75856,0.0,1.82668,0.0,2.00207,0.0,1.85935,0.0,1.25475,0.0,0.0]}