{"data":{"Year":[2003,2005,2007,2009,2011,2013,2015,2017],"Value":[63.40360437,64.20345497,67.15853552,66.96430391,67.46971477,68.35231351,68.84430853,67.71408]},"edges":[]}