Year,Value
2003,63.40360437
2005,64.20345497
2007,67.15853552
2009,66.96430391
2011,67.46971477
2013,68.35231351
2015,68.84430853
2017,67.71408000000001
