Year,Value
2000,0.0
2001,0.0
2002,0.0
2003,0.0
2004,0.0
2005,0.0
2006,0.0
2007,0.0
2008,0.0
2009,0.0
2010,3.603699044
2011,3.675432312
2012,3.774182894
2013,3.878946963
2014,3.974037821
2015,4.0849319280000005
2016,4.214091791
2017,0.0
