Year,Value
2007,92.39
2008,90.98
2009,91.53299999999999
2010,92.37700000000001
2011,92.57600000000001
2012,89.79799999999999
2013,90.26
2014,90.714
2015,90.955
